<?xml version="1.0" encoding="utf-8" ?>
<!DOCTYPE article PUBLIC "-//NLM//DTD JATS (Z39.96) Journal Archiving
and Interchange DTD v1.2 20190208//EN" "JATS-archivearticle1.dtd">

<article xmlns:mml="http://www.w3.org/1998/Math/MathML" xmlns:xlink="http://www.w3.org/1999/xlink" dtd-version="1.2" article-type="other">

<front>


<article-meta>


<title-group>
<article-title>Arizona Aquifer Recharge Suitability
Analysis</article-title>
</title-group>

<contrib-group>
<contrib contrib-type="author" corresp="yes">
<contrib-id contrib-id-type="orcid">0009-0006-0181-3099</contrib-id>
<name>
<surname>Zalesky</surname>
<given-names>Travis</given-names>
</name>
<string-name>Travis Zalesky</string-name>

<email>travisz@arizona.edu</email>
<role>Author</role>
<role>GIST Software and Applications</role>
<role>Cartography</role>
<role>Suitability Analysis</role>
<xref ref-type="aff" rid="aff-1">a</xref>
<xref ref-type="corresp" rid="cor-1">&#x002A;</xref>
</contrib>
</contrib-group>
<aff id="aff-1">
<institution-wrap>
<institution>University of Arizona</institution>
</institution-wrap>







</aff>
<author-notes>
<corresp id="cor-1">travisz@arizona.edu</corresp>
</author-notes>









<history></history>


<abstract>
<p>Aquifer recharge can be either passive or active, and is implemented
in a variety of ways. This analysis seeks to identify regions across AZ
which are boadly suitable for aquifer recharge projects as a general
template for more focuse analysis.</p>
</abstract>
<kwd-group kwd-group-type="author">
<kwd>Arizona Tri University Recharge (ATUR)</kwd>
<kwd>water table</kwd>
<kwd>ground water</kwd>
</kwd-group>




</article-meta>

</front>

<body>
<sec id="introduction">
  <title>1 Introduction</title>
</sec>
<sec id="sec-data-methods">
  <title>2 Data &amp; Methods</title>
  <sec id="elevation">
    <title>2.1 Elevation</title>
    <sec id="dem">
      <title>2.1.1 DEM</title>
      <p>Elevation and elevation derivatives from 30-m NASA SRTM. USGS
      3-DEM (10m) product not suitable for full study area analysis due
      to (1) the large area of missing data in Mexico, and (2), the
      excessively high spatial resolution (massively increasing
      computational requirements).</p>
      <p>SRTM elevation sinks filled prior to calculating slope and
      aspect.</p>
      <p><bold>Should elevation be directly used in the suitability
      analysis?</bold></p>
    </sec>
    <sec id="slope">
      <title>2.1.2 Slope</title>
      <p>Slope derived from hydrologically conditioned (filled) 30-m
      SRTM layer using quadratic surface function and a fixed 30-m
      neighborhood. Slope measured in °.</p>
      <disp-quote>
        <p>Higher slopes are less suitable because thinning is both more
        expensive and more precipitation will end up as runoff.</p>
      </disp-quote>
      <p>Slope classified from 1-10 using a continuous function in
      ArcPro Suitability Mapper.</p>
    </sec>
    <sec id="aspect">
      <title>2.1.3 Aspect</title>
      <p>Aspect calculated as with slope. Aspect reference point at N.
      Pole.</p>
      <disp-quote>
        <p>Aspect has a large impact on solar radiation. Closer to 0 or
        360 is desired, low suitability scores for closeness.</p>
      </disp-quote>
      <p>Aspect classified from 1-10 using a continuous function in
      ArcPro Suitability Mapper.</p>
    </sec>
  </sec>
  <sec id="precipitation">
    <title>2.2 Precipitation</title>
    <p><bold>Data source?</bold></p>
    <list list-type="bullet">
      <list-item>
        <p><bold>PRISM normals</bold></p>
        <list list-type="bullet">
          <list-item>
            <p>800m resolution</p>
          </list-item>
          <list-item>
            <p>All months (30-Y)</p>
          </list-item>
        </list>
      </list-item>
      <list-item>
        <p><bold>Custom PRISM</bold></p>
        <list list-type="bullet">
          <list-item>
            <p>1Km resolution</p>
          </list-item>
          <list-item>
            <p>Subset months of interest</p>
          </list-item>
          <list-item>
            <p>Custom date range</p>
          </list-item>
          <list-item>
            <p>Custom averaging function</p>
          </list-item>
          <list-item>
            <p>More granular control over data</p>
          </list-item>
        </list>
      </list-item>
    </list>
    <p><bold>Also applies to Temp and other Climactic variables of
    interest.</bold></p>
  </sec>
  <sec id="vegetation-characteristics">
    <title>2.3 Vegetation Characteristics</title>
    <sec id="nlcd-2021-total-canopy-cover">
      <title>2.3.1 NLCD 2021 Total Canopy Cover</title>
    </sec>
    <sec id="landfire">
      <title>2.3.2 Landfire</title>
    </sec>
  </sec>
  <sec id="soil-hydrology">
    <title>2.4 Soil Hydrology</title>
    <p>AZ_Soil_Hydric_Group data layer</p>
    <p><bold>Classification Schema</bold></p>
    <table-wrap>
      <table>
        <colgroup>
          <col width="19%" />
          <col width="19%" />
          <col width="42%" />
          <col width="19%" />
        </colgroup>
        <thead>
          <tr>
            <th align="center">Class</th>
            <th align="center">Count (pixels)</th>
            <th align="center">Text</th>
            <th align="center">Value</th>
          </tr>
        </thead>
        <tbody>
          <tr>
            <td align="center">A</td>
            <td align="center">62559472</td>
            <td align="center">Group A soils consist of deep, well
            drained sands or gravelly sands with high infiltration and
            low runoff rates.</td>
            <td align="center">10</td>
          </tr>
          <tr>
            <td align="center">B</td>
            <td align="center"></td>
            <td align="center"></td>
            <td align="center"></td>
          </tr>
          <tr>
            <td align="center">C</td>
            <td align="center"></td>
            <td align="center"></td>
            <td align="center"></td>
          </tr>
          <tr>
            <td align="center">D</td>
            <td align="center"></td>
            <td align="center"></td>
            <td align="center"></td>
          </tr>
          <tr>
            <td align="center">A/D</td>
            <td align="center"></td>
            <td align="center"></td>
            <td align="center"></td>
          </tr>
          <tr>
            <td align="center">B/D</td>
            <td align="center"></td>
            <td align="center"></td>
            <td align="center"></td>
          </tr>
          <tr>
            <td align="center">C/D</td>
            <td align="center"></td>
            <td align="center"></td>
            <td align="center"></td>
          </tr>
        </tbody>
      </table>
    </table-wrap>
  </sec>
</sec>
<sec id="sec-conclusions">
  <title>3 Conclusion</title>
</sec>
<sec id="references">
  <title>References</title>
</sec>
</body>

<back>
</back>

<sub-article article-type="notebook" id="nb-4-nb-1">
<front-stub>
<title-group>
<article-title>Data Screening</article-title>
</title-group>
<contrib-group>
<contrib contrib-type="author">
<contrib-id contrib-id-type="orcid">0000-0002-0760-5497</contrib-id>
<name>
<surname>Purves</surname>
<given-names>Steve</given-names>
</name>
<string-name>Steve Purves</string-name>

</contrib>
<contrib contrib-type="author">
<name>
<surname>Wickham</surname>
<given-names>Charlotte</given-names>
</name>
<string-name>Charlotte Wickham</string-name>

<xref ref-type="author-note" rid="auth-note-2-nb-1">2</xref>
</contrib>
</contrib-group>
<author-notes>
<fn id="auth-note-2-nb-1" fn-type="author-note" symbol="2">Edited original
notebook by Steve Purves</fn>
</author-notes>
</front-stub>

<body>
<sec id="cell-25276572-nb-1" specific-use="notebook-content">
<preformat>import pandas as pd
import matplotlib.pyplot as plt</preformat>
</sec>
<sec id="cell-7f05db89-nb-1" specific-use="notebook-content">
<p>Import <monospace>la-palma.csv</monospace> - a clean subset of
<ext-link ext-link-type="uri" xlink:href="https://github.com/Notebooks-Now/submission-quarto-full/blob/main/data/catalogoComunSV_1663233588717.csv"><monospace>catalogoComunSV_1663233588717.csv</monospace></ext-link>:</p>
</sec>
<sec id="da2659e5-nb-1" specific-use="notebook-content">
<preformat>df = pd.read_csv('la-palma.csv')
df['DateTime'] = pd.to_datetime(df['DateTime'])
df = df.sort_values(by=['DateTime'], ascending=True)
df.head()</preformat>
<boxed-text>
  <table-wrap>
    <table border="1">
      <thead>
        <tr style="text-align: right;">
          <th></th>
          <th>Longitude</th>
          <th>Latitude</th>
          <th>Depth(km)</th>
          <th>Magnitude</th>
          <th>DateTime</th>
        </tr>
      </thead>
      <tbody>
        <tr>
          <td>11346</td>
          <td>-17.8349</td>
          <td>28.5346</td>
          <td>26.0</td>
          <td>1.6</td>
          <td>2017-03-09 23:44:06+00:00</td>
        </tr>
        <tr>
          <td>11343</td>
          <td>-17.8459</td>
          <td>28.5491</td>
          <td>27.0</td>
          <td>2.0</td>
          <td>2017-03-10 00:16:10+00:00</td>
        </tr>
        <tr>
          <td>11344</td>
          <td>-17.8863</td>
          <td>28.5008</td>
          <td>20.0</td>
          <td>2.1</td>
          <td>2017-03-10 00:16:11+00:00</td>
        </tr>
        <tr>
          <td>11345</td>
          <td>-17.8657</td>
          <td>28.5204</td>
          <td>30.0</td>
          <td>1.6</td>
          <td>2017-03-10 03:20:26+00:00</td>
        </tr>
        <tr>
          <td>11342</td>
          <td>-17.7156</td>
          <td>28.5985</td>
          <td>0.0</td>
          <td>1.6</td>
          <td>2017-08-21 02:06:55+00:00</td>
        </tr>
      </tbody>
    </table>
  </table-wrap>
</boxed-text>
</sec>
<sec id="ae1253df-nb-1" specific-use="notebook-content">
<preformat>df.describe()</preformat>
<boxed-text>
  <table-wrap>
    <table border="1">
      <thead>
        <tr style="text-align: right;">
          <th></th>
          <th>Longitude</th>
          <th>Latitude</th>
          <th>Depth(km)</th>
          <th>Magnitude</th>
        </tr>
      </thead>
      <tbody>
        <tr>
          <td>count</td>
          <td>11347.000000</td>
          <td>11347.000000</td>
          <td>11347.000000</td>
          <td>11347.000000</td>
        </tr>
        <tr>
          <td>mean</td>
          <td>-17.844062</td>
          <td>28.568893</td>
          <td>14.089345</td>
          <td>2.432423</td>
        </tr>
        <tr>
          <td>std</td>
          <td>0.027345</td>
          <td>0.021899</td>
          <td>8.624787</td>
          <td>0.705282</td>
        </tr>
        <tr>
          <td>min</td>
          <td>-17.995800</td>
          <td>28.310200</td>
          <td>0.000000</td>
          <td>0.200000</td>
        </tr>
        <tr>
          <td>25%</td>
          <td>-17.854100</td>
          <td>28.558000</td>
          <td>10.100000</td>
          <td>1.900000</td>
        </tr>
        <tr>
          <td>50%</td>
          <td>-17.838700</td>
          <td>28.564000</td>
          <td>11.300000</td>
          <td>2.600000</td>
        </tr>
        <tr>
          <td>75%</td>
          <td>-17.829700</td>
          <td>28.574300</td>
          <td>13.900000</td>
          <td>2.900000</td>
        </tr>
        <tr>
          <td>max</td>
          <td>-17.705700</td>
          <td>28.697800</td>
          <td>46.900000</td>
          <td>5.100000</td>
        </tr>
      </tbody>
    </table>
  </table-wrap>
</boxed-text>
</sec>
<sec id="cell-81b4dfb2-nb-1" specific-use="notebook-content">
<preformat>df.plot.scatter(x=&quot;Longitude&quot;, y=&quot;Latitude&quot;, figsize=(12,12), grid=&quot;on&quot;);</preformat>
<boxed-text>
  <graphic mimetype="image" mime-subtype="png" xlink:href="data-screening_files/figure-jats/cell-5-output-1.png" />
</boxed-text>
</sec>
<sec id="cell-19a1ba0d-nb-1" specific-use="notebook-content">
<sec id="filter-nb-1">
  <title>Filter</title>
  <p>Also some rows seem to be missing depth measurements, (see
  differences in the <bold>count</bold> for columns above) - take only
  rows with valid depths</p>
  </sec>
  <sec id="e56a69b3-nb-1" specific-use="notebook-content">
  <preformat>df = df[df['Depth(km)'].notna()]
df.describe()</preformat>
  <boxed-text>
    <table-wrap>
      <table border="1">
        <thead>
          <tr style="text-align: right;">
            <th></th>
            <th>Longitude</th>
            <th>Latitude</th>
            <th>Depth(km)</th>
            <th>Magnitude</th>
          </tr>
        </thead>
        <tbody>
          <tr>
            <td>count</td>
            <td>11347.000000</td>
            <td>11347.000000</td>
            <td>11347.000000</td>
            <td>11347.000000</td>
          </tr>
          <tr>
            <td>mean</td>
            <td>-17.844062</td>
            <td>28.568893</td>
            <td>14.089345</td>
            <td>2.432423</td>
          </tr>
          <tr>
            <td>std</td>
            <td>0.027345</td>
            <td>0.021899</td>
            <td>8.624787</td>
            <td>0.705282</td>
          </tr>
          <tr>
            <td>min</td>
            <td>-17.995800</td>
            <td>28.310200</td>
            <td>0.000000</td>
            <td>0.200000</td>
          </tr>
          <tr>
            <td>25%</td>
            <td>-17.854100</td>
            <td>28.558000</td>
            <td>10.100000</td>
            <td>1.900000</td>
          </tr>
          <tr>
            <td>50%</td>
            <td>-17.838700</td>
            <td>28.564000</td>
            <td>11.300000</td>
            <td>2.600000</td>
          </tr>
          <tr>
            <td>75%</td>
            <td>-17.829700</td>
            <td>28.574300</td>
            <td>13.900000</td>
            <td>2.900000</td>
          </tr>
          <tr>
            <td>max</td>
            <td>-17.705700</td>
            <td>28.697800</td>
            <td>46.900000</td>
            <td>5.100000</td>
          </tr>
        </tbody>
      </table>
    </table-wrap>
  </boxed-text>
  </sec>
  <sec id="cell-1368822d-nb-1" specific-use="notebook-content">
  <preformat>plt.figure(figsize=(20,6))
plt.subplot(1,3,1)
df[&quot;Latitude&quot;].plot.hist(bins=20, density=True)
plt.subplot(1,3,2)
df[&quot;Longitude&quot;].plot.hist(bins=20, density=True)
plt.subplot(1,3,3)
df[&quot;Depth(km)&quot;].plot.hist(bins=50, density=True)</preformat>
  <boxed-text>
    <graphic mimetype="image" mime-subtype="png" xlink:href="data-screening_files/figure-jats/cell-7-output-1.png" />
  </boxed-text>
  </sec>
  <sec id="da7ad095-nb-1" specific-use="notebook-content">
</sec>
<sec id="spatial-plot-nb-1">
  <title>Spatial Plot</title>
  <p>Scatter plot the spatial locations of events</p>
  </sec>
  <sec id="cell-fig-spatial-plot-nb-1" specific-use="notebook-content">
  <preformat>#| label: fig-spatial-plot
#| fig-cap: Locations of earthquakes on La Palma since 2017.
#| fig-alt: A scatterplot of earthquake locations plotting latitude against longitude.
from matplotlib import colormaps
cmap = colormaps['viridis_r']
ax = df.plot.scatter(x=&quot;Longitude&quot;, y=&quot;Latitude&quot;, 
                     s=47-df[&quot;Depth(km)&quot;], c=df[&quot;Magnitude&quot;], 
                     figsize=(12,10), grid=&quot;on&quot;, cmap=cmap)
colorbar = ax.collections[0].colorbar
colorbar.set_label(&quot;Magnitude&quot;)

plt.show()</preformat>
  <boxed-text>
    <fig id="fig-spatial-plot-nb-1">
      <caption><p>Locations of earthquakes on La Palma since
      2017.</p></caption>
      <graphic mimetype="image" mime-subtype="png" xlink:href="data-screening_files/figure-jats/fig-spatial-plot-output-1.png" />
    </fig>
  </boxed-text>
  </sec>
  <sec id="cell-22ac5ce7-nb-1" specific-use="notebook-content">
  <sec id="timeline-plot-nb-1">
    <title>Timeline Plot</title>
    <p>Scatter plot the event time series and look for any quantization
    issues. Have times &amp; dates been loaded correctly?</p>
    <p>ax = df.plot.scatter(x=‘DateTime’, y=‘Depth(km)’, figsize=(20,8))
    ax.set_ylim(50,0);</p>
    </sec>
  </sec>
</sec>
</body>



<back>
</back>


</sub-article>

</article>