{
  "hash": "7b301bf5b304fb5ef64ccce301b214a0",
  "result": {
    "engine": "jupyter",
    "markdown": "---\ntitle: Arizona Aquifer Recharge Suitability Analysis\nauthor:\n  - name: Travis Zalesky\n    orcid: 0009-0006-0181-3099\n    corresponding: true\n    email: travisz@arizona.edu\n    roles:\n      - Author\n      - GIST Software and Applications\n      - Cartography\n      - Suitability Analysis\n    affiliations: University of Arizona\nkeywords:\n  - Arizona Tri University Recharge (ATUR)\n  - water table\n  - ground water\nabstract: |\n  Aquifer recharge can be either passive or active, and is implemented in a variety of ways. This analysis seeks to identify regions across AZ which are boadly suitable for aquifer recharge projects as a general template for more focuse analysis.\nplain-language-summary: |\n  Identifying regions in AZ where surface water can be stored long-term as ground water.\nkey-points:\n  #| TBD\ndate: last-modified\nbibliography: references.bib\n#| citation:\n  #| container-title: Earth and Space Science\nnumber-sections: true\njupyter: python3\n---\n\n\n## Introduction\n\n## Data & Methods {#sec-data-methods}\n### Elevation\n#### DEM\nElevation and elevation derivatives from 30-m NASA SRTM. USGS 3-DEM (10m) product not suitable for full study area analysis due to (1) the large area of missing data in Mexico, and (2), the excessively high spatial resolution (massively increasing computational requirements).\n\nSRTM elevation sinks filled prior to calculating slope and aspect.\n\n**Should elevation be directly used in the suitability analysis?**\n\n#### Slope\nSlope derived from hydrologically conditioned (filled) 30-m SRTM layer using quadratic surface function and a fixed 30-m neighborhood. Slope measured in °.\n\n> Higher slopes are less suitable because thinning is both more expensive and more precipitation will end up as runoff.\n\nSlope classified from 1-10 using a continuous function in ArcPro Suitability Mapper.\n\n#### Aspect\nAspect calculated as with slope. Aspect reference point at N. Pole.\n\n> Aspect has a large impact on solar radiation.\n> Closer to 0 or 360 is desired, low suitability scores for closeness.\n\nAspect classified from 1-10 using a continuous function in ArcPro Suitability Mapper.\n\n### Precipitation\n**Data source?**\n\n* **PRISM normals**\n  + 800m resolution\n  + All months (30-Y)\n* **Custom PRISM**\n  + 1Km resolution\n  + Subset months of interest\n  + Custom date range\n  + Custom averaging function\n  + More granular control over data\n\n**Also applies to Temp and other Climactic variables of interest.**\n\n\n\n## Conclusion {#sec-conclusions}\n\n## References {.unnumbered}\n\n",
    "supporting": [
      "index_files\\figure-html"
    ],
    "filters": [],
    "includes": {}
  }
}